alpha,epochs,accuracy,precision,recall,f1,auc
0.08,1600,0.5504443609337398,[0.86535489 0.55066631 0.996     ],[0.98805525 0.31513479 0.34814305],[0.92260799 0.40018161 0.51446178],[0.94407051 0.90758707 0.9568137 ]
0.1,1400,0.567605539338407,[0.87078045 0.56648705 0.98677419],[0.9877003  0.33702935 0.37808697],[0.92553135 0.42188258 0.5447634 ],[0.94577681 0.90970578 0.95940502]
0.15,1000,0.5749782973343721,[0.87346831 0.57459954 0.97878478],[0.98734282 0.3499248  0.38766727],[0.92688847 0.43417221 0.55338811],[0.9468958  0.91148187 0.9612543 ]
0.18,600,0.518529279164432,[0.85641457 0.53707585 1.        ],[0.98963706 0.28913729 0.27681349],[0.91816488 0.37513069 0.43062457],[0.94070874 0.90313094 0.95134538]
