alpha,epochs,accuracy,precision,recall,f1,auc
0.15,1600,0.6228292333313629,[0.8855404  0.60489952 0.92777778],[0.98461523 0.40580178 0.47807069],[0.93215876 0.48170182 0.62274781],[0.95274662 0.9129816  0.97178898]
0.18,600,0.5009253698352331,[0.84753425 0.52345067 1.        ],[0.98917305 0.27330996 0.2402931 ],[0.91244102 0.35048756 0.37902501],[0.93948051 0.89455613 0.95824969]
0.5,1600,0.7182327562415631,[0.91231979 0.69475906 0.83131025],[0.97421022 0.51997761 0.66051045],[0.94196538 0.58976054 0.72516383],[0.96322376 0.92612297 0.97820166]
0.75,1600,0.7315920018336584,[0.91554293 0.70438782 0.84934938],[0.97350412 0.54424138 0.67703051],[0.9433654  0.61045979 0.74477573],[0.9655733  0.92878694 0.97957441]
1,1600,0.73990497939186,[0.9192134  0.68870537 0.85412879],[0.96973975 0.56525238 0.68472281],[0.94349793 0.61538217 0.75319913],[0.9669854  0.93026033 0.98085066]
3,1600,0.7541195130886277,[0.92544647 0.67356888 0.86110348],[0.96193907 0.6133639  0.68705557],[0.94307437 0.63614042 0.75811547],[0.97103986 0.9342183  0.98357754]
5,1600,0.7599951768086066,[0.92655434 0.67471912 0.87603291],[0.96124523 0.61797859 0.70076171],[0.94336672 0.64009466 0.77183571],[0.97180403 0.93579042 0.98423988]
