nn,accuracy,precision,recall,f1,auc
3,0.8010071064282283,[0.94342842 0.70774701 0.84340829],[0.958282   0.68230717 0.76243215],[0.95078211 0.69416314 0.79928037],[0.91837561 0.87426619 0.92504057]
5,0.7828569503347008,[0.93716703 0.71115835 0.84472203],[0.96173289 0.66423046 0.7226075 ],[0.94928221 0.68625324 0.77724201],[0.93741825 0.90352168 0.9404662 ]
10,0.7624293410713034,[0.93113512 0.71924537 0.88676249],[0.96982862 0.65841173 0.65904767],[0.95004812 0.68705198 0.75433869],[0.95453438 0.92717064 0.95806832]
20,0.725285914697079,[0.91515013 0.69442341 0.91738781],[0.970709   0.58444736 0.62070139],[0.94208456 0.63331662 0.73672015],[0.95843594 0.93157389 0.96873997]
